full_name,player_id,ranking,points,movement,date
Aryna Sabalenka,320760,1,11225,0,2025-08-25
Iga Swiatek,326408,2,7933,0,2025-08-25
Coco Gauff,328560,3,7874,0,2025-08-25
Jessica Pegula,316956,4,4903,0,2025-08-25
Mirra Andreeva,331809,5,4733,0,2025-08-25
Madison Keys,316959,6,4699,0,2025-08-25
Qinwen Zheng,328120,7,4433,0,2025-08-25
Jasmine Paolini,319280,8,4116,0,2025-08-25
Amanda Anisimova,326384,9,3869,0,2025-08-25
Elena Rybakina,324166,10,3663,0,2025-08-25
Emma Navarro,325410,11,2960,0,2025-08-25
Ekaterina Alexandrova,319007,12,2916,2,2025-08-25
Karolina Muchova,322191,13,2838,-1,2025-08-25
Clara Tauson,327793,14,2781,1,2025-08-25
Elina Svitolina,316738,15,2726,-2,2025-08-25
Paula Badosa,320124,16,2564,0,2025-08-25
Diana Shnaider,330482,17,2476,5,2025-08-25
Daria Kasatkina,322082,18,2361,-1,2025-08-25
Belinda Bencic,319001,19,2265,-1,2025-08-25
Liudmila Samsonova,322222,20,2219,-1,2025-08-25
Elise Mertens,317964,21,2129,0,2025-08-25
Beatriz Haddad Maia,318176,22,1921,-2,2025-08-25
Victoria Mboko,331006,23,1834,1,2025-08-25
Naomi Osaka,319998,24,1779,1,2025-08-25
Veronika Kudermetova,319526,25,1763,1,2025-08-25
Jelena Ostapenko,319939,26,1720,1,2025-08-25
Sofia Kenin,320942,27,1708,1,2025-08-25
Marta Kostyuk,326482,28,1656,1,2025-08-25
Anna Kalinskaya,323942,29,1582,2,2025-08-25
Leylah Fernandez,326735,30,1564,3,2025-08-25
Dayana Yastremska,324261,31,1559,1,2025-08-25
Linda Noskova,329668,32,1550,-9,2025-08-25
Magdalena Frech,320277,33,1528,-3,2025-08-25
Xinyu Wang,326376,34,1466,3,2025-08-25
Rebecca Sramkova,320228,35,1440,3,2025-08-25
Emma Raducanu,328366,36,1426,-1,2025-08-25
Magda Linette,315130,37,1404,-1,2025-08-25
Ashlyn Krueger,329409,38,1374,1,2025-08-25
Olga Danilovic,324934,39,1320,2,2025-08-25
Jessica Bouzas Maneiro,328139,40,1316,0,2025-08-25
Mccartney Kessler,326678,41,1310,-7,2025-08-25
Tatjana Maria,310440,42,1307,1,2025-08-25
Maya Joint,330544,43,1301,-1,2025-08-25
Marie Bouzkova,320983,44,1287,9,2025-08-25
Anastasia Pavlyuchenkova,313796,45,1245,-1,2025-08-25
Lois Boisson,328884,46,1219,0,2025-08-25
Hailey Baptiste,327101,47,1181,2,2025-08-25
Katie Boulter,319125,48,1168,0,2025-08-25
Donna Vekic,318516,49,1162,6,2025-08-25
Jaqueline  Cristian,320319,50,1161,0,2025-08-25
Sonay Kartal,329918,51,1157,0,2025-08-25
Laura Siegemund,310926,52,1156,0,2025-08-25
Anastasia Potapova,325601,53,1136,-8,2025-08-25
Peyton Stearns,327573,54,1127,-7,2025-08-25
Yulia Putintseva,317683,55,1125,-1,2025-08-25
Alycia Parks,326007,56,1080,15,2025-08-25
Lucia Bronzetti,322280,57,1068,-1,2025-08-25
Ann Li,326096,58,1054,11,2025-08-25
Eva Lys,325826,59,1049,1,2025-08-25
Marketa Vondrousova,323027,60,1013,-2,2025-08-25
Danielle Collins,316925,61,997,-2,2025-08-25
Barbora Krejcikova,318314,62,984,-1,2025-08-25
Camila Osorio,325898,63,979,-6,2025-08-25
Maria Sakkari,318312,64,971,-2,2025-08-25
Kamilla Rakhimova,325936,65,966,3,2025-08-25
Suzan Lamens,324898,66,966,-3,2025-08-25
Polina Kudermetova,328897,67,963,-3,2025-08-25
Yuliia Starodubtseva,325338,68,941,-2,2025-08-25
Antonia Ruzic,329505,69,940,20,2025-08-25
Elena-Gabriela Ruse,320408,70,939,-3,2025-08-25
Sorana Cirstea,312469,71,928,41,2025-08-25
Viktorija Golubic,316296,72,915,5,2025-08-25
Iva Jovic,332285,73,914,3,2025-08-25
Solana Sierra,329081,74,911,1,2025-08-25
Alexandra Eala,330332,75,904,-5,2025-08-25
Katerina Siniakova,320301,76,900,-11,2025-08-25
Ons Jabeur,316847,77,893,-5,2025-08-25
Caroline Dolehide,322052,78,887,-4,2025-08-25
Ajla Tomljanovic,315232,79,886,5,2025-08-25
Anna Blinkova,324267,80,878,-2,2025-08-25
Zeynep Sonmez,326907,81,874,-2,2025-08-25
Renata Zarazua,320716,82,871,-9,2025-08-25
Kimberly Birrell,320728,83,871,-3,2025-08-25
Emiliana Arango,324789,84,871,-3,2025-08-25
Elisabetta Cocciaretto,327909,85,870,2,2025-08-25
Aoi Ito,329009,86,864,-4,2025-08-25
Jil Teichmann,320926,87,863,-2,2025-08-25
Varvara Gracheva,325836,88,861,-5,2025-08-25
Francesca Jones,324479,89,837,-3,2025-08-25
Anastasia Zakharova,327367,90,831,10,2025-08-25
Elsa Jacquemot,328142,91,823,7,2025-08-25
Irina-Camelia Begu,313169,92,819,-2,2025-08-25
Leolia Jeanjean,320313,93,814,-2,2025-08-25
Moyuka Uchijima,327241,94,807,-2,2025-08-25
Cristina Bucsa,321158,95,795,-2,2025-08-25
Tereza Valentova,330808,96,793,-2,2025-08-25
Anna Bondar,322942,97,779,-1,2025-08-25
Viktoriya Tomova,317584,98,763,-1,2025-08-25
Dalma Galfi,321106,99,736,2,2025-08-25
Yue Yuan,324325,100,735,-12,2025-08-25
Caty Mcnally,325725,101,735,2,2025-08-25
Mayar Sherif,318711,102,734,2,2025-08-25
Elina Avanesyan,327620,103,733,-8,2025-08-25
Ella Seidel,330548,104,729,1,2025-08-25
Talia Gibson,329393,105,722,2,2025-08-25
Greet Minnen,321454,106,719,-7,2025-08-25
Diane Parry,327077,107,704,-1,2025-08-25
Rebeka Masarova,322087,108,686,1,2025-08-25
Katie Volynets,327391,109,684,-1,2025-08-25
Bernarda Pera,317708,110,665,0,2025-08-25
Sara Bejlek,330375,111,664,0,2025-08-25
Anca Todoni,330442,112,660,1,2025-08-25
Shuai Zhang,311779,113,652,1,2025-08-25
Petra Marcinko,330799,114,641,1,2025-08-25
Darja Semenistaja,329457,115,630,1,2025-08-25
Julia Grabher,320316,116,628,1,2025-08-25
Rebecca Marino,313485,117,622,2,2025-08-25
Katarzyna Kawa,315806,118,622,2,2025-08-25
Aliaksandra Sasnovich,317790,119,610,2,2025-08-25
Mananchaya Sawangkaew,326929,120,602,3,2025-08-25
Olivia Gadecki,326653,121,602,3,2025-08-25
Varvara Lepchenko,120420,122,588,3,2025-08-25
Leyre Romero Gormaz,326891,123,588,3,2025-08-25
Simona Waltert,325771,124,583,3,2025-08-25
Maria Lourdes Carle,322638,125,582,-7,2025-08-25
Priscilla Hon,320543,126,578,2,2025-08-25
Jessika Ponchet,319421,127,577,2,2025-08-25
Ena Shibahara,322527,128,576,2,2025-08-25
Sinja Kraus,327061,129,575,2,2025-08-25
Victoria Jimenez Kasintseva,330352,130,561,2,2025-08-25
Arantxa Rus,313349,131,560,-9,2025-08-25
Victoria Azarenka,312001,132,556,1,2025-08-25
Nuria Parrizas Diaz,314359,133,556,2,2025-08-25
Panna Udvardy,325956,134,546,0,2025-08-25
Anhelina Kalinina,320567,135,542,1,2025-08-25
Joanna Garland,326512,136,542,1,2025-08-25
Whitney Osuigwe,326101,137,522,2,2025-08-25
Veronika Erjavec,327655,138,517,2,2025-08-25
Taylor Townsend,318609,139,505,4,2025-08-25
Astra Sharma,319696,140,502,4,2025-08-25
Maddison Inglis,321179,141,497,4,2025-08-25
Xinyu Gao,322925,142,490,4,2025-08-25
Sara Sorribes Tormo,318872,143,485,-2,2025-08-25
Jodie Burrage,323802,144,485,4,2025-08-25
Lucrezia Stefanini,323149,145,484,4,2025-08-25
Tatiana Prozorova,330723,146,481,4,2025-08-25
Xiyu Wang,326160,147,480,-9,2025-08-25
Tamara Zidansek,323079,148,480,3,2025-08-25
Janice Tjen,328818,149,480,-2,2025-08-25
Linda Fruhvirtova,329627,150,479,2,2025-08-25
Louisa Chirico,320218,151,477,2,2025-08-25
Jana Fett,320945,152,465,2,2025-08-25
Tamara Korpatsch,319571,153,460,2,2025-08-25
Lanlana Tararudee,329651,154,460,2,2025-08-25
Daria Saville,315997,155,458,2,2025-08-25
Nina Stojanovic,319709,156,457,2,2025-08-25
Kathinka Von Deichmann,317286,157,457,2,2025-08-25
Marina Stakusic,329614,158,457,2,2025-08-25
Heather Watson,316981,159,449,2,2025-08-25
Dominika Salkova,330149,160,449,2,2025-08-25
Kaja Juvan,324702,161,446,2,2025-08-25
Hanne Vandewinkel,331102,162,438,2,2025-08-25
Oksana Selekhmeteva,329199,163,437,3,2025-08-25
Lulu Sun,324576,164,435,-62,2025-08-25
Nuria Brancaccio,325433,165,433,2,2025-08-25
Destanee Aiava,324219,166,431,2,2025-08-25
Celine Naef,330581,167,431,2,2025-08-25
Darja Vidmanova,329057,168,424,2,2025-08-25
Iryna Shymanovich,320759,169,414,2,2025-08-25
Yafan Wang,317510,170,411,32,2025-08-25
Daria Snigur,327845,171,409,1,2025-08-25
Erika Andreeva,330151,172,407,-30,2025-08-25
Bianca Andreescu,325088,173,406,0,2025-08-25
Caroline Garcia,315391,174,406,0,2025-08-25
Julia Riera,327287,175,405,0,2025-08-25
Lola Radivojevic,330751,176,404,0,2025-08-25
Maja Chwalinska,325639,177,402,0,2025-08-25
Clervie Ngounoue,330788,178,399,1,2025-08-25
Kaitlin Quevedo,331742,179,399,1,2025-08-25
Mai Hontama,324750,180,398,1,2025-08-25
Sofia Costoulas,330451,181,397,1,2025-08-25
Ana Sofia Sánchez,316694,182,396,-4,2025-08-25
Carson Branstine,324361,183,395,0,2025-08-25
Jule Niemeier,325940,184,391,0,2025-08-25
Robin Montgomery,329408,185,391,0,2025-08-25
Nao Hibino,320238,186,390,0,2025-08-25
Arianne Hartono,323451,187,387,0,2025-08-25
Linda Klimovicova,329061,188,387,0,2025-08-25
Sijia Wei,328426,189,385,0,2025-08-25
Guiomar Maristany Zuleta De Reales,324786,190,384,2,2025-08-25
Maria Timofeeva,328896,191,383,2,2025-08-25
Anouk Koevermans,328988,192,382,2,2025-08-25
Alina Korneeva,331330,193,381,2,2025-08-25
Alina Charaeva,329198,194,380,2,2025-08-25
Petra Martic,313711,195,379,-30,2025-08-25
Anna-Lena Friedsam,319091,196,374,1,2025-08-25
Barbora Palicova,330363,197,374,1,2025-08-25
Emerson Jones,333111,198,374,1,2025-08-25
Justina Mikulskyte,323677,199,371,1,2025-08-25
Miriam Bulgaru,323119,200,370,11,2025-08-25
Himeno Sakatsume,326568,201,367,0,2025-08-25
Oleksandra Oliynykova,327182,202,364,-11,2025-08-25
Hanyu Guo,323087,203,363,0,2025-08-25
Kyoka Okamura,319183,204,361,0,2025-08-25
Laura Pigossi,317155,205,358,0,2025-08-25
Lauren Davis,317414,206,346,1,2025-08-25
Raluka Serban,321280,207,343,1,2025-08-25
Lizette Cabrera,320013,208,343,-2,2025-08-25
Manon Leonard,325794,209,341,0,2025-08-25
Mona Barthel,315365,210,340,0,2025-08-25
Arina Rodionova,312413,211,329,2,2025-08-25
Tiantsoa Rakotomanga Rajaonah,330970,212,329,-22,2025-08-25
Matilde Jorge,328730,213,326,35,2025-08-25
Despina Papamichail,316009,214,325,3,2025-08-25
Hina Inoue,328320,215,325,3,2025-08-25
Carole Monnet,325991,216,323,4,2025-08-25
Mariam Bolkvadze,320592,217,322,4,2025-08-25
Cadence Brace,330432,218,321,5,2025-08-25
Francisca Jorge,324948,219,320,9,2025-08-25
Sada Nahimana,325614,220,320,4,2025-08-25
Harriet Dart,319489,221,318,4,2025-08-25
Ekaterine Gorgodze,314660,222,316,4,2025-08-25
Elizabeth Mandlik,326379,223,315,4,2025-08-25
Carlota Martinez Cirez,326911,224,314,5,2025-08-25
Tessah Andrianjafitrimo,321984,225,314,-9,2025-08-25
Sayaka Ishii,331963,226,313,-12,2025-08-25
Tara Wuerth,330236,227,313,-8,2025-08-25
Ye-Xin Ma,322417,228,309,5,2025-08-25
Caroline Werner,319444,229,309,5,2025-08-25
Hanna Chang,321743,230,308,5,2025-08-25
Elena Pridankina,330905,231,308,-9,2025-08-25
Tyra Caterina Grant,333121,232,306,17,2025-08-25
Anastasija Sevastova,313987,233,305,5,2025-08-25
Viktoria Hruncakova,322277,234,305,5,2025-08-25
Eva Vedder,325011,235,305,-4,2025-08-25
Chloe Paquet,318839,236,303,4,2025-08-25
Wushuang Zheng,321329,237,302,5,2025-08-25
Andrea Lazaro Garcia,318080,238,300,5,2025-08-25
Patricia Maria Tig,317171,239,298,-24,2025-08-25
Susan Bandecchi,321032,240,298,4,2025-08-25
Anastasia Gasanova,322333,241,298,4,2025-08-25
Zarina Diyas,315696,242,297,4,2025-08-25
Carolina Alves,319305,243,297,-2,2025-08-25
Valentina Ryser,327219,244,296,3,2025-08-25
Gabriela Knutson,321367,245,295,5,2025-08-25
Taylah Preston,330291,246,294,5,2025-08-25
Irene Burillo,321157,247,294,-35,2025-08-25
Kayla Cross,330960,248,293,8,2025-08-25
Giorgia Pedone,330372,249,293,3,2025-08-25
Carol Zhao,317805,250,291,-20,2025-08-25
Nikola Bartunkova,330364,251,291,3,2025-08-25
Julie Belgraver,326766,252,288,-16,2025-08-25
Elvina Kalieva,327834,253,284,4,2025-08-25
Camilla Rosatello,318201,254,282,4,2025-08-25
Anna Rogers,328647,255,282,9,2025-08-25
Silvia Ambrosio,329578,256,279,3,2025-08-25
Aliona Bolsova,320735,257,278,3,2025-08-25
Irina Bara,318352,258,277,3,2025-08-25
Han Shi,329824,259,274,4,2025-08-25
Marina Bassols Ribera,324128,260,271,14,2025-08-25
Amarissa Toth,328131,261,269,7,2025-08-25
Teodora Kostovic,334791,262,268,3,2025-08-25
Mei Yamaguchi,325473,263,268,3,2025-08-25
Angela Fita Boluda,322355,264,266,-11,2025-08-25
Amarni Banks,329919,265,264,2,2025-08-25
Sara Saito,332175,266,263,3,2025-08-25
Yuriko Lily Miyazaki,321495,267,262,9,2025-08-25
Nastasja Schunk,329366,268,261,2,2025-08-25
Wakana Sonobe,331857,269,261,2,2025-08-25
Anastasiia Sobolieva,329858,270,260,2,2025-08-25
Alice Rame,322478,271,260,2,2025-08-25
Harmony Tan,320016,272,259,24,2025-08-25
Lia Karatancheva,327773,273,259,2,2025-08-25
Kristina Dmitruk,328034,274,257,-37,2025-08-25
Renata Jamrichova,332467,275,255,2,2025-08-25
Ylena In-Albon,321397,276,254,12,2025-08-25
Carol Young Suh Lee,329383,277,253,33,2025-08-25
Haruka Kaji,318857,278,250,9,2025-08-25
Ayano Shimizu,324394,279,250,0,2025-08-25
Nicole Fossa Huergo,318001,280,248,-2,2025-08-25
Xinxin Yao,331361,281,247,0,2025-08-25
Lina Gjorcheska,319311,282,247,0,2025-08-25
Ayana Akli,333700,283,246,1,2025-08-25
Ekaterina Makarova,328308,284,245,1,2025-08-25
Martina Trevisan,316266,285,245,-2,2025-08-25
Leonie Kung,324028,286,245,0,2025-08-25
Jazmin Ortenzi,327283,287,241,-32,2025-08-25
Julia Avdeeva,330102,288,241,1,2025-08-25
Caroline Wozniacki,313402,289,240,1,2025-08-25
Sara Errani,310761,290,240,1,2025-08-25
Katherine Sebov,322214,291,240,1,2025-08-25
Emina Bektas,316464,292,239,1,2025-08-25
Ariana Geerlings,330569,293,239,1,2025-08-25
Gabriela Lee,319454,294,238,1,2025-08-25
Sohyun Park,326561,295,238,-15,2025-08-25
Ana Bogdan,315427,296,237,-64,2025-08-25
Selena Janicijevic,329090,297,235,0,2025-08-25
Sakura Hosogi,327398,298,235,0,2025-08-25
Aurora Zantedeschi,325404,299,233,0,2025-08-25
Dayeon Back,327351,300,233,0,2025-08-25
Polina Iatcenko,330466,301,233,5,2025-08-25
Lin Zhu,317306,302,232,1,2025-08-25
Alisa Oktiabreva,332718,303,232,-2,2025-08-25
Mariia Tkacheva,328472,304,232,-2,2025-08-25
Luisina Giovannini,330746,305,228,-1,2025-08-25
Fiona Crawley,327781,306,228,-1,2025-08-25
Valeriya Strakhova,319133,307,225,0,2025-08-25
En-Shuo Liang,324830,308,222,0,2025-08-25
Mary Stoiana,330265,309,221,0,2025-08-25
Dalila Jakupovic,315294,310,221,5,2025-08-25
Clara Burel,325320,311,220,-49,2025-08-25
Xiaodi You,322451,312,218,8,2025-08-25
Maria Mateas,324360,313,216,-1,2025-08-25
Mia Ristic,330926,314,216,12,2025-08-25
Lea Boskovic,323171,315,213,-1,2025-08-25
Hiromi Abe,329154,316,213,23,2025-08-25
Ipek Oz,321834,317,211,-1,2025-08-25
Zhibek Kulambayeva,324203,318,210,0,2025-08-25
Aliona Falei,329250,319,209,5,2025-08-25
Margaux Rouvroy,327127,320,205,1,2025-08-25
Tina Smith,326908,321,204,1,2025-08-25
Priska Nugroho,328797,322,204,-11,2025-08-25
Anna Siskova,324995,323,203,2,2025-08-25
Francesca Curmi,328160,324,202,3,2025-08-25
Laura Samson,333944,325,201,3,2025-08-25
Jessica Pieri,321029,326,201,8,2025-08-25
Amandine Hesse,315148,327,199,-8,2025-08-25
Tena Lukas,318559,328,198,2,2025-08-25
Emeline Dartron,324308,329,194,4,2025-08-25
Alana Smith,322631,330,192,5,2025-08-25
Shrivalli Bhamidipaty,328071,331,190,5,2025-08-25
Tessa Johanna Brockmann,332562,332,190,43,2025-08-25
Jenny Duerst,322627,333,189,-1,2025-08-25
Katharina Hobgarski,321658,334,189,-17,2025-08-25
Julieta Pareja,333685,335,188,3,2025-08-25
Karina Miller,328144,336,188,-13,2025-08-25
Jia-Jing Lu,313225,337,187,3,2025-08-25
Yeonwoo Ku,327252,338,187,3,2025-08-25
Lea Ma,328878,339,187,3,2025-08-25
Anastasia Tikhonova,326961,340,185,3,2025-08-25
Ayla Aksu,319641,341,185,5,2025-08-25
Kajsa Rinaldo Persson,320190,342,184,17,2025-08-25
Stacey Fung,320465,343,184,5,2025-08-25
Georgia Craciun,323368,344,182,0,2025-08-25
Lian Tran,327527,345,181,0,2025-08-25
Sahaja  Yamalapalli,331152,346,180,4,2025-08-25
Robin Anderson,317175,347,178,5,2025-08-25
Cagla Buyukakcay,312292,348,178,-1,2025-08-25
Rina Saigo,326049,349,176,-12,2025-08-25
Monika  Ekstrand,333135,350,176,3,2025-08-25
Ikumi Yamazaki,328976,351,176,4,2025-08-25
Nadia Podoroska,319112,352,173,2,2025-08-25
Kristina Mladenovic,315616,353,173,3,2025-08-25
Saki Imamura,326604,354,173,4,2025-08-25
Mingge Xu,331725,355,169,-26,2025-08-25
Tatiana Pieri,322735,356,169,57,2025-08-25
Cristina Diaz Adrover,330603,357,169,11,2025-08-25
Oceane Dodin,319436,358,168,2,2025-08-25
Alicia Herrero Linana,321880,359,168,-8,2025-08-25
Lesia Tsurenko,315295,360,167,1,2025-08-25
Mayu Crossley,332693,361,167,1,2025-08-25
Emily Appleton,323694,362,166,1,2025-08-25
Elena Micic,330920,363,165,20,2025-08-25
Eunhye Lee,324807,364,165,2,2025-08-25
Laura Hietaranta,329759,365,162,4,2025-08-25
Ilinca Amariei,327490,366,161,1,2025-08-25
Isabella Shinikova,316588,367,161,3,2025-08-25
Martyna Kubka,328907,368,160,12,2025-08-25
Momoko Kobori,324125,369,160,2,2025-08-25
Anastasia Kulikova,323608,370,158,3,2025-08-25
Claire Liu,323966,371,156,3,2025-08-25
Aleksandra Krunic,316344,372,156,-23,2025-08-25
Eva Guerrero Alvarez,322382,373,156,3,2025-08-25
Alevtina Ibragimova,332575,374,155,10,2025-08-25
Petra Hule,322579,375,154,3,2025-08-25
Ekaterina Kazionova,323244,376,154,14,2025-08-25
Yasmine Mansouri,325188,377,154,-13,2025-08-25
Yidi Yang,324323,378,154,1,2025-08-25
Anna Karolina Schmiedlova,318203,379,153,-2,2025-08-25
Denislava Glushkova,329151,380,153,2,2025-08-25
Dalila Spiteri,322510,381,152,4,2025-08-25
Stephanie Visscher,327547,382,151,5,2025-08-25
Ayumi Koshiishi,325867,383,149,5,2025-08-25
Hong Yi Cody Wong,326723,384,147,7,2025-08-25
Sapfo Sakellaridi,327193,385,147,-4,2025-08-25
Miho Kuramochi,331153,386,147,0,2025-08-25
Vivian Wolff,321837,387,146,-15,2025-08-25
Usue Maitane Arconada,321195,388,145,5,2025-08-25
Samira De Stefano,331491,389,145,6,2025-08-25
Eryn Cayetano,331826,390,145,6,2025-08-25
Haley Giavara,325758,391,144,-26,2025-08-25
Lina Glushko,323091,392,143,-79,2025-08-25
Lilli Tagger,332150,393,143,4,2025-08-25
Eri Shimizu,325295,394,143,-2,2025-08-25
Federica Urgesi,330420,395,142,3,2025-08-25
Gabriela Ce,316674,396,142,-7,2025-08-25
Jaimee Fourlis,322822,397,141,2,2025-08-25
Meiling Wang,326162,398,140,2,2025-08-25
Anouck Vrancken Peeters,331759,399,140,3,2025-08-25
Iva Primorac,319515,400,140,3,2025-08-25
Tiphanie Lemaitre,324972,401,139,9,2025-08-25
Victoria Bosio,318480,402,139,9,2025-08-25
Lisa Zaar,323018,403,139,1,2025-08-25
Amelia Rajecki,329251,404,138,8,2025-08-25
Diletta Cherubini,328173,405,138,0,2025-08-25
Aneta Kucmova,324656,406,138,-49,2025-08-25
Fiona Ferro,319969,407,137,-1,2025-08-25
Vitalia Diatchenko,315030,408,137,-1,2025-08-25
Nina Vargova,330636,409,137,-15,2025-08-25
Martha Matoula,321132,410,137,-2,2025-08-25
Ankita Raina,317164,411,136,-2,2025-08-25
Katarina Kuzmova,326459,412,134,2,2025-08-25
Daria Kudashova,328468,413,133,2,2025-08-25
Anastasia Zolotareva,328466,414,132,2,2025-08-25
Miriana Tona,317541,415,131,-14,2025-08-25
Ekaterina Reyngold,328237,416,130,1,2025-08-25
Vaidehee Chaudhari,322990,417,130,1,2025-08-25
Kayla Day,322534,418,129,1,2025-08-25
Ruth Roura Llaverias,332761,419,129,10,2025-08-25
Victoria Rodriguez,320512,420,129,0,2025-08-25
Astrid Lew Yan Foon,330713,421,129,0,2025-08-25
Akasha Urhobo,331856,422,128,0,2025-08-25
Marie Benoit,319433,423,127,0,2025-08-25
Sofia Shapatava,312623,424,127,0,2025-08-25
Katarina Jokic,321292,425,127,0,2025-08-25
Matilde Paoletti,329721,426,126,1,2025-08-25
Weronika Falkowska,325750,427,126,20,2025-08-25
Ariana Arseneault,327454,428,125,0,2025-08-25
Mathilde Lollia,328261,429,125,1,2025-08-25
Veronika Podrez,331197,430,125,20,2025-08-25
Sandra Samir,319931,431,125,0,2025-08-25
Anastasia Abbagnato,328213,432,124,0,2025-08-25
Sara Cakarevic,322752,433,124,0,2025-08-25
Meiqi Guo,326546,434,124,7,2025-08-25
Madison Sieg,328281,435,123,0,2025-08-25
Yasmine Kabbaj,330733,436,123,1,2025-08-25
Hikaru Sato,328634,437,123,-11,2025-08-25
Noma Noha Akugue,328631,438,122,-107,2025-08-25
Daria Lodikova,320481,439,122,3,2025-08-25
Olivia Lincer,330914,440,122,-2,2025-08-25
Ekaterina Ovcharenko,325584,441,122,-2,2025-08-25
Kira Pavlova,330337,442,122,-2,2025-08-25
Zuzanna Pawlikowska,333753,443,122,11,2025-08-25
Malene Helgø,323055,444,121,11,2025-08-25
Zongyu Li,331259,445,121,-2,2025-08-25
Ying Zhang,321742,446,121,0,2025-08-25
Antonia Schmidt,326503,447,120,-13,2025-08-25
Andreea Prisacariu,323373,448,119,-3,2025-08-25
Malaika Rapolu,330035,449,118,-1,2025-08-25
Natalija Senic,330995,450,118,-1,2025-08-25
Martina Okalova,323615,451,117,0,2025-08-25
Amandine Monnot,329331,452,117,14,2025-08-25
Katie Swan,323145,453,116,-1,2025-08-25
Elena Malygina,325114,454,115,-10,2025-08-25
Yuliya Hatouka,324782,455,115,-2,2025-08-25
Camilla Zanolini,329135,456,114,0,2025-08-25
Arina Bulatova,331487,457,114,0,2025-08-25
Haruna Arakawa,323182,458,114,27,2025-08-25
Victoria Hu,327100,459,113,-1,2025-08-25
Lucciana Perez Alarcon,331268,460,113,-24,2025-08-25
Diana Martynov,328625,461,111,13,2025-08-25
Mia Pohankova,334183,462,111,-2,2025-08-25
Luiza Fullana,327175,463,111,-2,2025-08-25
Rositsa Dencheva,332748,464,111,-2,2025-08-25
Radka Zelnickova,328153,465,110,13,2025-08-25
Ane Mintegi Del Olmo,328767,466,109,-1,2025-08-25
Valentini Grammatikopoulou,319250,467,109,0,2025-08-25
Lucija Ciric Bagaric,330894,468,108,0,2025-08-25
Gergana Topalova,325374,469,108,0,2025-08-25
Naiktha Bains,319962,470,108,0,2025-08-25
Vittoria Paganetti,332494,471,108,0,2025-08-25
Fangzhou Liu,319606,472,107,1,2025-08-25
Patcharin Cheapchandej,320342,473,107,2,2025-08-25
Alexis Blokhina,329369,474,107,2,2025-08-25
Jasmijn Gimbrere,328986,475,107,2,2025-08-25
Su Jeong Jang,317065,476,106,3,2025-08-25
Katarina Zavatska,324584,477,106,3,2025-08-25
Thaisa Grana Pedretti,321236,478,106,3,2025-08-25
Hayu Kinoshita,332174,479,106,3,2025-08-25
Sara Daavettila,320896,480,105,4,2025-08-25
Yufei Ren,332913,481,104,-9,2025-08-25
Dasha Plekhanova,330298,482,104,4,2025-08-25
Alessandra Mazzola,327048,483,104,9,2025-08-25
Jamie Loeb,319411,484,103,4,2025-08-25
Thasaporn Naklo,327633,485,103,4,2025-08-25
Gabriella Da Silva Fick,325827,486,103,10,2025-08-25
Anja Stankovic,331113,487,103,3,2025-08-25
Ella Mcdonald,331660,488,102,3,2025-08-25
Elena Ruxandra Bertea,332098,489,102,-26,2025-08-25
Ranah Stoiber,330953,490,101,5,2025-08-25
Luca Udvardy,331004,491,101,6,2025-08-25
Pia Lovric,329774,492,101,-9,2025-08-25
Shiho Akita,314343,493,101,5,2025-08-25
Riya Bhatia,320221,494,101,5,2025-08-25
Jeline Vandromme,331852,495,100,39,2025-08-25
Misaki Matsuda,326780,496,100,4,2025-08-25
Lisa Pigato,328193,497,99,4,2025-08-25
Urszula Radwanska,313131,498,99,4,2025-08-25
Lamis Alhussein Abdel Aziz,321927,499,99,-12,2025-08-25
Berfu Cengiz,322450,500,98,4,2025-08-25
Tereza Martincova,318060,501,98,4,2025-08-25
Vendula Valdmannova,331847,502,98,90,2025-08-25
Stephanie Wagner,317519,503,98,4,2025-08-25
Joelle Steur,328971,504,97,31,2025-08-25
Erika Sema,311832,505,97,13,2025-08-25
Jada Robinson,322008,506,97,2,2025-08-25
Viktoria Morvayova,324465,507,97,14,2025-08-25
Mina Hodzic,326113,508,96,-2,2025-08-25
Weronika Ewald,332314,509,96,20,2025-08-25
Alice Gillan,325728,510,96,12,2025-08-25
Ekaterina Maklakova,329438,511,96,-2,2025-08-25
Melisa Ercan,330075,512,95,-2,2025-08-25
Noemi Basiletti,330574,513,95,-2,2025-08-25
Beatrice Ricci,329308,514,95,-2,2025-08-25
Chihiro Muramatsu,323095,515,95,-1,2025-08-25
Lavinia Tanasie,331129,516,94,-22,2025-08-25
Nahia Berecoechea,329575,517,94,7,2025-08-25
Victoria Osuigwe,331820,518,94,-5,2025-08-25
Ana Konjuh,320682,519,93,0,2025-08-25
Carolina Kuhl,330547,520,93,0,2025-08-25
Fernanda Labrana,324156,521,92,-28,2025-08-25
Emily Seibold,322472,522,92,1,2025-08-25
Luisa Meyer Auf Der Heide,326402,523,92,-8,2025-08-25
Rinko Matsuda,331696,524,91,54,2025-08-25
Punnin Kovapitukted,327226,525,91,0,2025-08-25
Yuki Naito,326235,526,91,0,2025-08-25
Hannah Klugman,333440,527,90,40,2025-08-25
Sophie Chang,321146,528,90,-1,2025-08-25
Isis Louise Van Den Broek,333783,529,90,-1,2025-08-25
Verena Meliss,321519,530,90,0,2025-08-25
Jessica Bertoldo,325792,531,90,22,2025-08-25
Makenna Jones,323071,532,89,-1,2025-08-25
Yelyzaveta Kotliar,331136,533,89,30,2025-08-25
Amelia Honer,333758,534,89,-2,2025-08-25
Alexandra Shubladze,332168,535,89,-2,2025-08-25
Stefania Bojica,331736,536,89,0,2025-08-25
Julia Adams,333464,537,89,0,2025-08-25
Arianna Zucchini,328701,538,88,-22,2025-08-25
Jenny Lim,331215,539,88,5,2025-08-25
Oana Georgeta Simion,319575,540,88,3,2025-08-25
Maria Urrutia,325373,541,88,-2,2025-08-25
Ania Hertel,326052,542,88,15,2025-08-25
Petra Kvitova,314206,543,87,-3,2025-08-25
Mariia Kozyreva,325632,544,87,-3,2025-08-25
Mariella Thamm,334141,545,87,-3,2025-08-25
Monika Stankiewicz,334588,546,86,-1,2025-08-25
Clara Vlasselaer,328130,547,86,-44,2025-08-25
Martina Capurro Taborda,320545,548,85,-1,2025-08-25
Rasheeda Mcadoo,321253,549,85,-1,2025-08-25
Carolyn Ansari,331593,550,85,4,2025-08-25
Arlinda Rushiti,323379,551,85,-2,2025-08-25
Yara Bartashevich,330633,552,84,-2,2025-08-25
Celia Cervino Ruiz,322266,553,84,-2,2025-08-25
Marie Vogt,330233,554,84,-16,2025-08-25
Camila Romero,323775,555,84,3,2025-08-25
Monique Barry,327063,556,83,0,2025-08-25
Sachia Vickery,317443,557,82,2,2025-08-25
Ekaterina Yashina,315472,558,82,3,2025-08-25
Sofia Rocchetti,329307,559,82,3,2025-08-25
Kamilla Bartone,326909,560,82,10,2025-08-25
Josy Daems,332540,561,82,3,2025-08-25
Katrina Scott,329115,562,81,3,2025-08-25
Maria Portillo Ramirez,324255,563,81,-11,2025-08-25
Joy De Zeeuw,332204,564,81,2,2025-08-25
Sarah Van Emst,332599,565,80,3,2025-08-25
Boyoung Jeong,327697,566,80,60,2025-08-25
Ilay Yoruk,325737,567,80,2,2025-08-25
Alice Robbe,324056,568,79,7,2025-08-25
Sofya Lansere,326481,569,78,7,2025-08-25
Alyssa Reguer,330705,570,78,9,2025-08-25
Julie Struplova,330951,571,78,-107,2025-08-25
Eva Voracek,326400,572,78,1,2025-08-25
Dimitra Pavlou,329567,573,77,-18,2025-08-25
Danka Kovinic,317684,574,76,7,2025-08-25
Ziva Falkner,328659,575,76,9,2025-08-25
Rachel Gailis,329509,576,76,9,2025-08-25
Alina Granwehr,328688,577,76,9,2025-08-25
Tamira Paszek,313035,578,76,9,2025-08-25
Francesca Pace,331531,579,76,9,2025-08-25
Jaeda Daniel,322016,580,76,9,2025-08-25
Sarah Iliev,330506,581,75,-9,2025-08-25
Ena Koike,332501,582,75,8,2025-08-25
Anastasiya Lopata,331135,583,75,8,2025-08-25
Fangran Tian,329397,584,75,9,2025-08-25
Maria Golovina,332974,585,75,9,2025-08-25
Antonia Vergara Rivera,331405,586,74,76,2025-08-25
Noelia Zeballos,316707,587,74,8,2025-08-25
Jennifer Ruggeri,329217,588,74,8,2025-08-25
Lidia Encheva,332518,589,74,17,2025-08-25
Adelina Lachinova,333812,590,73,8,2025-08-25
Bianca Barbulescu,330922,591,73,66,2025-08-25
Katerina Tsygourova,323798,592,73,8,2025-08-25
Jesika Maleckova,318488,593,72,8,2025-08-25
Johanne Svendsen,331074,594,72,-23,2025-08-25
Hiroko Kuwata,317821,595,72,8,2025-08-25
Naho Sato,327191,596,71,-13,2025-08-25
Chenting Zhu,333678,597,71,7,2025-08-25
Olga Helmi,324617,598,71,7,2025-08-25
Kristiana Sidorova,331986,599,71,8,2025-08-25
Karolina Pliskova,313974,600,70,8,2025-08-25
Saisai Zheng,316286,601,70,8,2025-08-25
Venus Williams,230220,602,70,8,2025-08-25
Eudice Chong,319438,603,70,-43,2025-08-25
Vaishnavi Adkar,333018,604,70,10,2025-08-25
Ana Candiotto,331305,605,70,-28,2025-08-25
Aneta Laboutkova,325291,606,70,-4,2025-08-25
Julieta Estable,320090,607,69,-148,2025-08-25
Kristina Kroitor,335375,608,69,30,2025-08-25
Ema Burgic,315134,609,69,6,2025-08-25
Gina Dittmann,328628,610,69,-11,2025-08-25
Jiangxue Han,327451,611,69,5,2025-08-25
Amy Zhu,319717,612,69,-32,2025-08-25
Adrienn Nagy,325957,613,69,-39,2025-08-25
Draginja Vukovic,326123,614,68,5,2025-08-25
Marie Weckerle,327975,615,68,51,2025-08-25
Natsumi Kawaguchi,328919,616,68,4,2025-08-25
Daria Egorova,334641,617,67,4,2025-08-25
Maria Martinez Vaquero,329264,618,67,19,2025-08-25
Deborah Chiesa,319393,619,67,3,2025-08-25
Arabella Koller,326212,620,67,-7,2025-08-25
Eva Maria Ionescu,332481,621,67,78,2025-08-25
Astrid Cirotte,330407,622,67,-5,2025-08-25
Jenna Defalco,329415,623,67,11,2025-08-25
Evialina Laskevich,329583,624,66,-1,2025-08-25
Esther Adeshina,329444,625,66,-1,2025-08-25
Alba Rey Garcia,329275,626,66,15,2025-08-25
Mirjam Bjorklund,323007,627,65,-2,2025-08-25
Valentina  Steiner,332270,628,65,-17,2025-08-25
Jiaqi Wang,327056,629,65,-17,2025-08-25
Valeriia Iushchenko,323887,630,65,-3,2025-08-25
Amelie Van Impe,330527,631,65,-3,2025-08-25
Elina Nepliy,320215,632,65,33,2025-08-25
Honoka Kobayashi,329153,633,65,-4,2025-08-25
Cristina Dinu,315288,634,64,-4,2025-08-25
Daria Frayman,329159,635,64,-4,2025-08-25
Valeria Bhunu,317743,636,64,-4,2025-08-25
Klaudija Bubelyte,330476,637,64,-19,2025-08-25
Zeel Desai,324632,638,64,-5,2025-08-25
Milana Zhabrailova,327723,639,64,-4,2025-08-25
Alena Kovackova,334557,640,63,45,2025-08-25
Dejana Radanovic,319706,641,63,-5,2025-08-25
Jana Kovackova,335755,642,63,1,2025-08-25
Ashley Lahey,325781,643,63,20,2025-08-25
Marcelina Podlinska,324198,644,63,-5,2025-08-25
Ksenia Zaytseva,331039,645,63,-5,2025-08-25
Angelina Voloshchuk,331776,646,62,23,2025-08-25
Ksenia Laskutova,320922,647,62,-5,2025-08-25
Dana Guzman,329683,648,62,-102,2025-08-25
Alizé Cornet,312121,649,61,-4,2025-08-25
Lucie Havlickova,330147,650,61,-4,2025-08-25
Jessica Failla,320901,651,61,76,2025-08-25
Lucia Cortez Llorca,325073,652,61,-5,2025-08-25
Bunyawi Thamchaiwat,321341,653,61,-5,2025-08-25
Angella Okutoyi,329769,654,61,-5,2025-08-25
Patricija Paukstyte,330949,655,61,-5,2025-08-25
Sara Dols,330258,656,61,0,2025-08-25
Darya Astakhova,328578,657,60,-6,2025-08-25
Anastasiia Gureva,332162,658,60,-6,2025-08-25
Loes Ebeling Koning,334654,659,60,-6,2025-08-25
Elizara Yaneva,332650,660,60,-6,2025-08-25
Diana Demidova,321832,661,60,-6,2025-08-25
Yuno Kitahara,333457,662,60,5,2025-08-25
Ruien Zhang,333415,663,59,-3,2025-08-25
Maaya Rajeshwaran Revathi,334512,664,59,-3,2025-08-25
Chantal Sauvant,326247,665,59,-1,2025-08-25
Daria Kuczer,323038,666,59,-149,2025-08-25
Nagi Hanatani,319999,667,59,-9,2025-08-25
Amina Anshba,321965,668,58,-86,2025-08-25
Lara Schmidt,325155,669,58,1,2025-08-25
Arina Vasilescu,323378,670,58,-26,2025-08-25
Chengyiyi Yuan,324575,671,58,-12,2025-08-25
Gina Feistel,331290,672,57,14,2025-08-25
Kaylah Mcphee,321906,673,57,-1,2025-08-25
Varvara Panshina,334622,674,57,0,2025-08-25
Iva Ivanova ,331263,675,57,33,2025-08-25
Mara Guth,328432,676,57,2,2025-08-25
Marine Szostak,327011,677,57,2,2025-08-25
Maria Sara Popa,330059,678,56,43,2025-08-25
Jacqueline Cabaj Awad,319937,679,56,-3,2025-08-25
Rinon Okuwaki,330990,680,56,-7,2025-08-25
Ellie Schoppe,335078,681,56,-4,2025-08-25
Berta Bonardi,319314,682,56,-7,2025-08-25
Victoria Kan,319029,683,55,-3,2025-08-25
Sofia Cabezas Dominguez,330086,684,55,-3,2025-08-25
Victoria Allen,326659,685,55,-3,2025-08-25
Rebecca Munk Mortensen,331077,686,55,-18,2025-08-25
Shuo Feng,325807,687,54,-3,2025-08-25
Alana Subasic,333011,688,54,38,2025-08-25
Candela Vazquez,333123,689,54,-1,2025-08-25
Maria Sholokhova,330632,690,54,0,2025-08-25
Laura Mair,327999,691,54,0,2025-08-25
Ekaterina Perelygina,333071,692,54,0,2025-08-25
Vicky Van De Peer,327535,693,54,-22,2025-08-25
Natalija Stevanovic,317349,694,53,-11,2025-08-25
Michaela Bayerlova,325592,695,53,0,2025-08-25
Emma Lene,324970,696,53,1,2025-08-25
Ayumi Miyamoto,324395,697,53,1,2025-08-25
Maria Fernanda Navarro Oliva,320673,698,52,-2,2025-08-25
Alicia Dudeney,332152,699,52,2,2025-08-25
Alexis Nguyen,332741,700,52,3,2025-08-25
Salma Ewing,324771,701,52,3,2025-08-25
Laura Svatikova,318461,702,52,-8,2025-08-25
Marie Mettraux,325798,703,51,2,2025-08-25
Dalayna Hewitt,325048,704,51,2,2025-08-25
Rada Zolotareva,332888,705,51,2,2025-08-25
Ida Wobker,335909,706,51,38,2025-08-25
Daria Yesypchuk,331997,707,51,3,2025-08-25
Linda Sevcikova,326665,708,51,3,2025-08-25
Michika Ozeki,317614,709,51,3,2025-08-25
Ksenia Efremova,334255,710,50,4,2025-08-25
Angelica Raggi,326013,711,50,105,2025-08-25
Alice Tubello,325406,712,50,-115,2025-08-25
Alexandra Bozovic,322704,713,50,3,2025-08-25
Alyssa Ahn,332107,714,50,3,2025-08-25
Nina Radovanovic,329898,715,50,3,2025-08-25
Diana Marcinkevica,316481,716,50,-23,2025-08-25
Camilla Gennaro,330972,717,50,2,2025-08-25
Zoziya Kardava,326532,718,50,21,2025-08-25
Romina Ccuno,329656,719,50,-19,2025-08-25
Yanina Wickmayer,312536,720,49,0,2025-08-25
Akiko Omae,316478,721,49,-32,2025-08-25
Beatrise Zeltina,332313,722,49,0,2025-08-25
Isabella Maria Serban,334052,723,49,0,2025-08-25
Kateryna Lazarenko,332763,724,49,0,2025-08-25
Anna Kubareva,325615,725,49,67,2025-08-25
Freya Christie,320863,726,48,-11,2025-08-25
Edda Mamedova,330906,727,48,1,2025-08-25
Ekaterina Shalimova,324410,728,48,1,2025-08-25
Funa Kozaki,326601,729,48,1,2025-08-25
Chloe Noel,330408,730,48,2,2025-08-25
Ya Yi Yang,329248,731,48,68,2025-08-25
Dasha Ivanova,320703,732,48,1,2025-08-25
Angelina Wirges,326252,733,48,-20,2025-08-25
Nadiia Kolb,317146,734,47,1,2025-08-25
Selina Dal,327059,735,47,1,2025-08-25
Laia Petretic,329203,736,47,34,2025-08-25
Britt Du Pree,333784,737,47,0,2025-08-25
Justina Gonzalez Daniele,332726,738,47,35,2025-08-25
Elena Milovanovic,327296,739,47,1,2025-08-25
Solymar Colling,328207,740,47,1,2025-08-25
Enola Chiesa,325228,741,47,1,2025-08-25
Tahlia Kokkinis,332661,742,46,1,2025-08-25
Aunchisa Chanta,327517,743,46,2,2025-08-25
Victoria Gomez,330393,744,46,3,2025-08-25
Mayuka Aikawa,326775,745,46,-36,2025-08-25
Merel Hoedt,324860,746,46,-21,2025-08-25
Federica Di Sarra,312582,747,45,1,2025-08-25
Valentina Mediorreal Arias,332846,748,45,1,2025-08-25
Eliska Tichackova,331413,749,45,-62,2025-08-25
Sarah Melany Fajmonova,334294,750,45,0,2025-08-25
Christasha Mcneil,334420,751,45,-20,2025-08-25
Stefania Rogozinska Dzik,326053,752,45,-1,2025-08-25
Onyu Choi,331597,753,45,-1,2025-08-25
Jana Otzipka,332420,754,45,-1,2025-08-25
Salma Drugdova,330719,755,45,0,2025-08-25
Madelief Hageman,328718,756,45,0,2025-08-25
Mana Kawamura,326489,757,45,-23,2025-08-25
Mika Stojsavljevic,333132,758,44,-1,2025-08-25
Sarah Beth Grey,318924,759,44,-57,2025-08-25
Ekaterina Khayrutdinova,331043,760,44,112,2025-08-25
Yujia Huang,333664,761,44,11,2025-08-25
Mia Horvit,320943,762,44,-4,2025-08-25
Hibah Shaikh,328322,763,44,1,2025-08-25
Brenda Fruhvirtova,331545,764,43,-5,2025-08-25
Anna Gabric,322909,765,43,-5,2025-08-25
Eva Bennemann,333927,766,43,52,2025-08-25
Raquel Gonzalez Vilar,330389,767,43,-5,2025-08-25
Mio Mushika,330162,768,43,36,2025-08-25
Gloria Ceschi,323643,769,43,-4,2025-08-25
Marie Villet,324421,770,43,-3,2025-08-25
Noelia Bouzo Zanotti,321879,771,43,-3,2025-08-25
Jimar Gerald Gonzalez,327711,772,42,-3,2025-08-25
Yujin Kim,333898,773,42,117,2025-08-25
Jana Kolodynska,328614,774,42,-13,2025-08-25
Eliessa Vanlangendonck,321356,775,42,-29,2025-08-25
Anita Sahdiieva,329110,776,42,-5,2025-08-25
Demi Tran,329458,777,42,-11,2025-08-25
Junhan Zhang,332675,778,41,34,2025-08-25
Franziska Sziedat,325231,779,41,-5,2025-08-25
Tilwith Di Girolami,330526,780,41,2,2025-08-25
Liv Hovde,330642,781,40,-6,2025-08-25
Anastasia Bertacchi,333645,782,40,-5,2025-08-25
Kylie Collins,327864,783,40,-5,2025-08-25
Maria Herazo,320581,784,40,-5,2025-08-25
Sofia Milatova,326460,785,40,-22,2025-08-25
Rose Marie Nijkamp,332202,786,40,-6,2025-08-25
Evgeniya Burdina,326238,787,40,-4,2025-08-25
Ivana Sebestova,327849,788,40,-4,2025-08-25
Caijsa Hennemann,326044,789,39,-4,2025-08-25
Akanksha Nitture,328099,790,39,-4,2025-08-25
Mao Mushika,330956,791,39,-3,2025-08-25
Natsuki Yoshimoto,333728,792,39,-3,2025-08-25
Adriana Reami,328646,793,39,-2,2025-08-25
Fabienne Gettwart,329160,794,39,-56,2025-08-25
Carla Markus,330727,795,39,-41,2025-08-25
Astrid Brune Olsen,323052,796,39,-3,2025-08-25
Maria Kalyakina,331329,797,39,-2,2025-08-25
Jessie Aney,322716,798,38,-2,2025-08-25
Jing-Jing Lu,313765,799,38,-2,2025-08-25
Ashley Kratzer,322532,800,38,-2,2025-08-25
Clarissa Blomqvist,331063,801,38,-11,2025-08-25
Daria Zelinskaya,330874,802,38,23,2025-08-25
Kristina Liutova,335303,803,37,-3,2025-08-25
Polina Leykina,318210,804,37,-3,2025-08-25
Luciana Moyano,330756,805,37,-3,2025-08-25
Suana Tucakovic,332210,806,37,-3,2025-08-25
Federica Sacco,326039,807,37,24,2025-08-25
Fiona Ganz,325225,808,37,-3,2025-08-25
Gaia Squarcialupi,322608,809,37,-3,2025-08-25
Kristina Novak,326209,810,37,-3,2025-08-25
Eugenie Bouchard,316161,811,36,-3,2025-08-25
Briana Szabo,330215,812,36,15,2025-08-25
Alexandra Vecic,325700,813,36,-4,2025-08-25
Mia Kupres,329700,814,36,-4,2025-08-25
Victoria Milovanova,335478,815,36,49,2025-08-25
Iveta Dapkute,316775,816,36,-5,2025-08-25
Mary Lewis,321407,817,36,3,2025-08-25
Lilian Poling,325831,818,36,-4,2025-08-25
Anja Wildgruber,329923,819,36,-4,2025-08-25
Irina Fetecau,320497,820,35,-3,2025-08-25
Nika Radisic,327918,821,35,-2,2025-08-25
Yingqun Sun,333587,822,35,-9,2025-08-25
Shilin Xu,320329,823,35,6,2025-08-25
Kathleen Kanev,324681,824,35,-2,2025-08-25
Sina Herrmann,327192,825,35,-2,2025-08-25
Qiang Wang,314429,826,34,0,2025-08-25
Viola Turini,330550,827,34,43,2025-08-25
Sofia Rojas,327137,828,34,0,2025-08-25
Raphaelle Lacasse,327934,829,34,1,2025-08-25
Yasmin Ezzat,328438,830,34,1,2025-08-25
Tian Jialin,334239,831,34,19,2025-08-25
Ana Grubor,331582,832,34,1,2025-08-25
Katy Dunne,319016,833,33,1,2025-08-25
Peangtarn Plipuech,316554,834,33,1,2025-08-25
Brooke Black,331664,835,33,85,2025-08-25
Julie Pastikova,333851,836,33,-15,2025-08-25
Lara Pfeifer,330088,837,33,0,2025-08-25
Alana Parnaby,320915,838,33,0,2025-08-25
Martina Colmegna,320369,839,32,1,2025-08-25
Kira Matushkina,333154,840,32,1,2025-08-25
Hephzibah Oluwadare,331758,841,32,1,2025-08-25
Belle Thompson,325430,842,32,32,2025-08-25
Tanisha Kashyap,332353,843,32,33,2025-08-25
Alexandra Vasilyeva,328840,844,32,-1,2025-08-25
Julia Konishi Camargo Silva,324300,845,32,-51,2025-08-25
Ysaline Bonaventure,317317,846,31,-2,2025-08-25
Eleejah Inisan,332950,847,31,-2,2025-08-25
Yuliana Monroy,322124,848,31,-9,2025-08-25
Jessica Hinojosa Gomez,321216,849,31,-3,2025-08-25
Lexington Reed,330875,850,31,-3,2025-08-25
Elena Korokozidi,329797,851,31,0,2025-08-25
Camilla Bossi,328316,852,31,0,2025-08-25
Tianmi Mi,332512,853,31,0,2025-08-25
Celine Simunyu,330392,854,30,1,2025-08-25
Kristina Penickova,334194,855,30,1,2025-08-25
Maria Torres Murcia,329464,856,30,2,2025-08-25
Marina Melnikova,314527,857,30,2,2025-08-25
Rutuja Bhosale,318907,858,30,2,2025-08-25
Valentina Ivanov,328716,859,30,2,2025-08-25
Ines Murta,319663,860,30,52,2025-08-25
Kylie Mckenzie,322540,861,30,1,2025-08-25
Nadia Lagaev,333262,862,30,1,2025-08-25
Lucie Urbanova,331493,863,30,2,2025-08-25
Elena Jamshidi,326880,864,30,2,2025-08-25
Sylvie Zund,329609,865,30,2,2025-08-25
Gabriella Price,328128,866,30,-85,2025-08-25
Jiayi Wang,334137,867,30,11,2025-08-25
Natalia Sousa Salazar,334245,868,30,-14,2025-08-25
Maria Kononova,323794,869,29,11,2025-08-25
Chia Yi Tsao,331669,870,29,-1,2025-08-25
Carmen Lopez Martinez,330508,871,29,50,2025-08-25
Oana Gavrila,321313,872,29,-1,2025-08-25
Angelica Blake,329681,873,29,0,2025-08-25
Katarina Stresnakova,321681,874,29,-26,2025-08-25
Stefani Webb,331645,875,29,0,2025-08-25
Fang An Lin,331358,876,29,1,2025-08-25
Fang Ying Xun,320396,877,29,-9,2025-08-25
Madison Brengle,312328,878,28,1,2025-08-25
Julia Garcia Ruiz,329429,879,28,-103,2025-08-25
Sonja Zhenikhova,333949,880,28,-23,2025-08-25
Audrey Albie,317108,881,28,0,2025-08-25
Dj Bennett,333563,882,28,0,2025-08-25
Ava Hrastar,327835,883,28,239,2025-08-25
Lily Taylor,331640,884,28,-1,2025-08-25
Julia Stusek,332803,885,28,-36,2025-08-25
Carmen Andreea  Herea,332097,886,28,-2,2025-08-25
Mara Gae,332605,887,28,-2,2025-08-25
Lan Mi,332117,888,28,-2,2025-08-25
Meng-Yi Chen,329401,889,28,-2,2025-08-25
Noemi Maines,334735,890,28,8,2025-08-25
Daphnee Mpetshi Perricard,333499,891,27,9,2025-08-25
Cherry Kim,325163,892,27,-1,2025-08-25
Qiu Yu Ye,321023,893,27,0,2025-08-25
Karolina Vlckova,327726,894,27,0,2025-08-25
Anri Nagata,324753,895,27,30,2025-08-25
Vlada Ekshibarova,311859,896,27,50,2025-08-25
Agustina Chlpac,322601,897,27,-2,2025-08-25
Chelsea Fontenel,330983,898,27,-2,2025-08-25
Alicia Smith,321903,899,27,8,2025-08-25
Sabastiani Leon,323743,900,27,-76,2025-08-25
Kayo Nishimura,332627,901,27,-4,2025-08-25
Valerie Glozman,332505,902,26,-3,2025-08-25
Kate Fakih,333117,903,26,-1,2025-08-25
Tianmei Wang,333243,904,26,-1,2025-08-25
Yujin Ahn,321125,904,26,-1,2025-08-25
Allie Kiick,319042,906,26,-1,2025-08-25
Daria Khomutsianskaya,330116,907,26,-1,2025-08-25
Alizé Lim,315301,908,26,11,2025-08-25
Sloane Stephens,315683,909,25,-1,2025-08-25
Anna Petkovic,331346,910,25,66,2025-08-25
Christina Mchale,314917,911,25,-1,2025-08-25
Sofia Da Cruz Mendonca,330932,912,25,-1,2025-08-25
Carolina  Bohrer Martins,331966,913,25,0,2025-08-25
Ela Milic,330342,914,25,0,2025-08-25
Bella Payne,335920,915,25,0,2025-08-25
Allura Zamarripa,329123,916,25,0,2025-08-25
Anna Ureke,327227,917,25,0,2025-08-25
Alexandra Vagramov,325321,918,25,0,2025-08-25
Sonja Zhiyenbayeva,332297,919,24,3,2025-08-25
Maribella Zamarripa,329124,920,24,3,2025-08-25
Alisa Baranovska,330896,921,24,3,2025-08-25
Zoe Hitt,324433,922,24,4,2025-08-25
Maddalena Giordano,327643,923,24,27,2025-08-25
Alisa Kummel,329166,924,24,4,2025-08-25
Maria Toma,324673,925,24,26,2025-08-25
Eri Hozumi,317138,926,23,3,2025-08-25
Polona Hercog,313968,927,23,4,2025-08-25
Sara Svetac,330848,928,23,4,2025-08-25
Ho Ching Wu,319256,929,23,4,2025-08-25
Vivian Yang,330275,930,23,4,2025-08-25
Lea Tholey,319028,931,23,4,2025-08-25
Veronika Miroshnichenko,322334,932,23,4,2025-08-25
Carolyn Campana,326997,933,23,4,2025-08-25
Jahnie Van Zyl,334931,934,23,4,2025-08-25
Jamilah Snells,329635,935,23,4,2025-08-25
Kristina Paskauskas,331581,936,23,-100,2025-08-25
Katherine Barnes,327946,937,23,3,2025-08-25
Rhiann Newborn,318985,938,23,22,2025-08-25
Eszter Meri,328739,939,23,2,2025-08-25
Tiana Tian Deng,332473,940,23,5,2025-08-25
Brandy Walker,331255,941,23,6,2025-08-25
Lisa-Marie Rioux,322971,942,23,6,2025-08-25
Kallista Liu,333699,943,23,6,2025-08-25
Mihaela Buzarnescu,312268,944,22,8,2025-08-25
Sae Noguchi,335348,945,22,8,2025-08-25
Aya El Aouni,330483,946,22,8,2025-08-25
Francesca Mattioli,332126,947,22,8,2025-08-25
Aysegul Mert,329969,948,22,8,2025-08-25
Nikola Breckova,326332,948,22,8,2025-08-25
Pauline Payet,318338,950,22,8,2025-08-25
Indianna Spink,329744,951,22,8,2025-08-25
Alexia Iulia Marginean,332239,952,22,-60,2025-08-25
Tilde Stromquist,331420,953,22,-10,2025-08-25
Denise Valente,330471,954,22,-10,2025-08-25
Jordyn Mcbride,332112,955,22,12,2025-08-25
Kanako Morisaki,319587,956,22,5,2025-08-25
Sofia Cohen Perovani,331554,957,22,5,2025-08-25
Aruzhan Sagandykova,330593,958,22,11,2025-08-25
Darja Suvirdjonkova,329646,959,22,4,2025-08-25
Carlotta Moccia,329220,960,22,4,2025-08-25
Natsuho Arakawa,322967,961,22,12,2025-08-25
Giulia Safina Popa,334883,962,21,-61,2025-08-25
Gaeul Jang,332634,963,21,2,2025-08-25
Petra Konjikusic,332213,964,21,2,2025-08-25
Gabriella Broadfoot,329595,965,21,132,2025-08-25
Judith Perello Saavedra,327345,966,21,2,2025-08-25
Nanari Katsumi,328642,967,21,3,2025-08-25
Amanda Nava Elkin,327206,968,21,3,2025-08-25
Julia Stamatova,316655,969,21,3,2025-08-25
Daniela Piani,331726,970,20,7,2025-08-25
Anne Christine Lutkemeyer Obregon,332008,971,20,7,2025-08-25
Gaia  Maduzzi,334204,972,20,8,2025-08-25
Ella Haavisto,326405,973,20,8,2025-08-25
Merna Refaat,329337,974,20,8,2025-08-25
Nagomi Higashitani,324751,975,20,8,2025-08-25
Elena-Teodora Cadar,316109,976,20,8,2025-08-25
Holly Hutchinson,324486,977,20,8,2025-08-25
Anjali Rathi,331790,978,20,22,2025-08-25
Lucie Pawlak,330991,979,20,8,2025-08-25
Aravane Rezai,311791,980,20,8,2025-08-25
Laura Cilekova,332961,981,20,8,2025-08-25
Arina Arifullina,330897,982,20,8,2025-08-25
Sarah Rokusek,331634,983,20,28,2025-08-25
Samantha Murray Sharan,312660,984,19,7,2025-08-25
Makoto Ninomiya,317820,985,19,-10,2025-08-25
Defne Cirpanli,330058,986,19,6,2025-08-25
Tara Moore,314563,987,19,6,2025-08-25
Denisa Hindova,326644,988,19,-99,2025-08-25
Petra Sedlackova,336267,989,19,5,2025-08-25
Giselle Isabell Guillen,335550,990,19,5,2025-08-25
Laima Vladson,333164,991,19,5,2025-08-25
Lea Nilsson,333526,992,19,5,2025-08-25
Maria Teixido Garcia,326074,993,19,49,2025-08-25
Gloriana Goreti Nahum,332306,994,19,4,2025-08-25
Anna Snigireva,333555,995,19,4,2025-08-25
Dabin Kim,320244,996,19,23,2025-08-25
Julita Saner,323010,997,19,24,2025-08-25
Julia Middendorf,328401,998,19,3,2025-08-25
Abigail Rencheli,328318,999,19,3,2025-08-25
Anamaria Oana ,332253,1000,19,72,2025-08-25
Lara Smejkal,331897,1000,19,3,2025-08-25
Beatrice Stagno,327747,1002,19,2,2025-08-25
Kaat Coppez,334232,1003,19,2,2025-08-25
Alexandra Osborne,320585,1004,19,2,2025-08-25
Jenna Dean,328590,1005,19,3,2025-08-25
Lavinia Luciano,334504,1006,19,6,2025-08-25
Paula Cembranos,332208,1007,19,6,2025-08-25
Kisa Yoshioka,323970,1008,19,6,2025-08-25
Sebastianna Scilipoti,329096,1009,18,7,2025-08-25
Elyse Tse,330274,1010,18,20,2025-08-25
Eleonora Alvisi,328440,1011,18,6,2025-08-25
Nellie Taraba Wallberg,331426,1012,18,6,2025-08-25
Adithya Karunaratne,327378,1013,18,7,2025-08-25
Lexue Xiao,335013,1014,18,8,2025-08-25
Pemra Ozgen,310047,1015,18,8,2025-08-25
Klara Veldman,330385,1016,18,112,2025-08-25
Elizabeth Ionescu,333704,1016,18,8,2025-08-25
Tori Kinard,314058,1018,18,7,2025-08-25
Emma Wilson,328623,1019,18,-10,2025-08-25
Sara Mikaca,329590,1020,18,7,2025-08-25
Mercedes Aristegui,324988,1020,18,-93,2025-08-25
Nana Kawagishi,329173,1022,18,15,2025-08-25
Wozuko Mdlulwa,331984,1023,18,5,2025-08-25
Tegan Bush,334395,1024,17,15,2025-08-25
Eva Garkusha,329077,1025,17,6,2025-08-25
Yuhan Wang,333741,1026,17,63,2025-08-25
Laquisa Khan,332736,1027,17,5,2025-08-25
Berta Passola,332921,1028,17,5,2025-08-25
Sarah Mildren,332865,1029,17,62,2025-08-25
Ioana Zvonaru,329348,1030,17,4,2025-08-25
Vlada Zvereva,326119,1031,17,-5,2025-08-25
Eunji Lee,325221,1032,17,19,2025-08-25
Yiming Dang,329671,1033,17,2,2025-08-25
Andre Lukosiute,329344,1034,17,2,2025-08-25
Yui Chikaraishi,324752,1035,17,21,2025-08-25
Simona Ogescu,328725,1036,17,-7,2025-08-25
Anastasiia Firman,332577,1037,17,1,2025-08-25
Charlotte Keitel,332792,1038,16,2,2025-08-25
Emma Charney,329131,1038,16,2,2025-08-25
Alexandra Iordache,328722,1040,16,4,2025-08-25
Cheuk Ying Shek,333497,1040,16,287,2025-08-25
Jo-Yee Chan,336113,1042,16,3,2025-08-25
Annika Penickova,334193,1043,16,3,2025-08-25
Lorena Schaedel,332753,1043,16,3,2025-08-25
Yuka Hosoki,324754,1045,16,28,2025-08-25
Mouna Bouzgarrou,322983,1046,16,3,2025-08-25
Kate Mansfield,331583,1047,16,3,2025-08-25
Anastasia Grechkina,331163,1048,16,4,2025-08-25
Victoria Pohle,332274,1049,16,5,2025-08-25
Ruirui Zou,333796,1050,16,-40,2025-08-25
Margaux Maquet,334897,1051,16,-65,2025-08-25
Luana Plaza Araujo,330346,1052,16,3,2025-08-25
Mirjana Jovanovic,332978,1053,16,4,2025-08-25
Ustiniya Lekomtseva,333074,1054,16,23,2025-08-25
Paola Lopez,334169,1055,16,28,2025-08-25
Jizel Matos Sequeira Fernandes,326937,1056,16,3,2025-08-25
Lucia Llinares Domingo,328813,1057,16,3,2025-08-25
Nadia Kulbiej,336018,1058,15,3,2025-08-25
Yanan Hou,333019,1059,15,3,2025-08-25
Tina Manescu,335764,1060,15,0,2025-08-25
Barbara Kostecka,335238,1060,15,3,2025-08-25
Ophelie Boullay,335046,1060,15,3,2025-08-25
Savannah Broadus,328648,1060,15,3,2025-08-25
Amy Stevens,329185,1060,15,0,2025-08-25
Karolina Kozakova,329463,1060,15,3,2025-08-25
Ines Ibbou,321913,1066,15,1,2025-08-25
Ingrid Millan,326753,1067,15,1,2025-08-25
India Houghton,333917,1068,15,-89,2025-08-25
Paula Arias Manjon,323176,1069,15,1,2025-08-25
Mallaurie Noel,322270,1070,15,1,2025-08-25
Louna Zoppas,333646,1071,15,22,2025-08-25
Michela Castro Zunino,332956,1071,15,-23,2025-08-25
Ava Rodriguez,335688,1073,15,21,2025-08-25
Romane  Longueville,331158,1074,15,-22,2025-08-25
Andrea Obradovic,330994,1075,15,-1,2025-08-25
Daria Shadchneva,333210,1076,15,-1,2025-08-25
Maelys Bougrat,327128,1077,15,-1,2025-08-25
Valeriia Olianovskaia,325655,1078,15,-71,2025-08-25
Krystyna Pochtovyk,328805,1079,15,-1,2025-08-25
Maelle Leclercq,331122,1079,15,-1,2025-08-25
Anastasia Safta,331453,1079,15,-1,2025-08-25
Rachael Smith,334210,1082,15,-1,2025-08-25
Emily De Oliveira,330458,1083,15,-1,2025-08-25
Xichen Zhao,331260,1084,15,26,2025-08-25
Mila Masic,323170,1085,15,-1,2025-08-25
Lourdes Ayala,330743,1086,15,25,2025-08-25
Lara Salden,323485,1087,14,-2,2025-08-25
Claudia Sofia Martinez Solis,331859,1088,14,-2,2025-08-25
Tamara Kostic,331018,1089,14,-2,2025-08-25
Liel Marlies Rothensteiner,331147,1090,14,-2,2025-08-25
Irina Balus,330720,1091,14,-1,2025-08-25
Alice  Ferlito,332990,1092,14,298,2025-08-25
Nicole Rivkin,327672,1093,14,-1,2025-08-25
Karola  Bejenaru,320566,1094,14,1,2025-08-25
Polina Kuharenko,333185,1094,14,1,2025-08-25
Tamila Gadamauri,332423,1096,14,2,2025-08-25
Maria Andrienko,329020,1097,14,2,2025-08-25
Valentina Losciale,321421,1098,14,2,2025-08-25
Isabel Adrover Gallego,325764,1098,14,2,2025-08-25
Kaede Usui,334159,1098,14,2,2025-08-25
Smriti Bhasin,330494,1101,14,25,2025-08-25
Meritxell Teixido Garcia,335221,1102,14,1,2025-08-25
Feier Hu,333795,1103,14,1,2025-08-25
Laura Brunkel,333893,1104,14,1,2025-08-25
Zi Ying Ruan,334658,1104,14,1,2025-08-25
Kolie Allen,327569,1106,14,2,2025-08-25
Maya Iyengar,334870,1107,14,5,2025-08-25
Ioana Teodora Sava,332480,1107,14,5,2025-08-25
Alexa Noel,327245,1109,13,5,2025-08-25
Cindy Langlais,334059,1110,13,5,2025-08-25
Bethanie Mattek-Sands,130713,1111,13,5,2025-08-25
Ya-Hsuan Lee,318776,1112,13,7,2025-08-25
Sarah Tatu,330700,1112,13,7,2025-08-25
Tess Sugnaux,319002,1114,13,7,2025-08-25
Karine Sarkisova,324263,1115,13,8,2025-08-25
Anastasija Cvetkovic,333724,1115,13,8,2025-08-25
Nauhany Vitoria Leme Da Silva,334602,1117,13,8,2025-08-25
Vlada Mincheva,332194,1118,13,-13,2025-08-25
Coco Bosman,330379,1118,13,11,2025-08-25
Carolann Delaunay,331123,1120,13,34,2025-08-25
Jennifer Dourado,324276,1120,13,10,2025-08-25
Humera Baharmus,328003,1122,13,9,2025-08-25
Katja Markus,331746,1123,13,-65,2025-08-25
Rebeca Pereira,318052,1124,13,-15,2025-08-25
Ana Giraldi Requena,324747,1125,13,10,2025-08-25
Tayisiya Morderger,319097,1126,13,10,2025-08-25
Remika Ohashi,332948,1127,13,10,2025-08-25
Saumya Vig,321350,1128,13,10,2025-08-25
Eden Silva,319465,1129,12,10,2025-08-25
Catherine Aulia,330269,1130,12,10,2025-08-25
Ana Karen Guadiana Campos,329421,1131,12,-14,2025-08-25
Yuliana Lizarazo,315695,1132,12,9,2025-08-25
Deniz Dilek,334175,1133,12,9,2025-08-25
Maria Paulina Perez Garcia,319796,1134,12,9,2025-08-25
Kamonwan Yodpetch,331895,1135,12,9,2025-08-25
Kiara Zabkova,332767,1136,12,-18,2025-08-25
Amy Sucha,334215,1136,12,9,2025-08-25
Eunji Oh,326030,1138,12,8,2025-08-25
Jana Bojovic,324834,1139,12,-96,2025-08-25
Zaire Clarke,335456,1139,12,8,2025-08-25
Sarah-Rebecca Sekulic,314820,1141,12,-72,2025-08-25
Karine Job,328157,1142,12,6,2025-08-25
Victoria Luiza Barros,335246,1143,12,6,2025-08-25
Sera Nishimoto,327719,1144,12,6,2025-08-25
Magdalena Smekalova,331543,1145,12,6,2025-08-25
Eleni Christofi,321094,1145,12,-203,2025-08-25
Matilde Mariani,327049,1147,12,5,2025-08-25
Nao Nishino,334090,1147,12,5,2025-08-25
Leilany Ipunesso,333879,1149,12,7,2025-08-25
Anastasia Iamachkine,323953,1150,12,7,2025-08-25
Giulia Paterno,328212,1151,12,7,2025-08-25
Jada Bui,328727,1152,12,-18,2025-08-25
Andjela Lazarevic,331617,1153,12,6,2025-08-25
Jasmine Conway,330283,1153,12,6,2025-08-25
Claudia Ferrer Perez,332039,1153,12,6,2025-08-25
Claudia Gasparovic,332086,1153,12,6,2025-08-25
Annabelle Xu,329701,1157,12,6,2025-08-25
Marian Gomez Pezuela Cano,329227,1158,12,29,2025-08-25
Aoi Ide,332816,1159,11,5,2025-08-25
Aspen Schuman,332739,1160,11,5,2025-08-25
Sabine Rutlauka,328829,1160,11,5,2025-08-25
Ava Markham,332345,1162,11,5,2025-08-25
Lauryn John-Baptiste,325773,1163,11,5,2025-08-25
Sara Lanca,325612,1163,11,5,2025-08-25
Pei-Chi Lee,317834,1165,11,5,2025-08-25
Junri Namigata,140195,1166,11,5,2025-08-25
Pia Praefke,327423,1166,11,5,2025-08-25
Tereza Krejcova,333945,1166,11,5,2025-08-25
Luna Vujovic,334629,1169,11,5,2025-08-25
Emma Kamper,331082,1169,11,5,2025-08-25
Anna Linn Puls,333490,1171,11,-17,2025-08-25
Hwui Wi,328548,1172,11,5,2025-08-25
Malkia Menguene,324793,1172,11,5,2025-08-25
Isabelle Boulais,323531,1174,11,5,2025-08-25
Paula Ormaechea,315083,1175,11,5,2025-08-25
Claudia Hoste Ferrer,322428,1176,11,5,2025-08-25
Polina Bakhmutkina,324622,1176,11,5,2025-08-25
Maria Garcia,330785,1178,11,29,2025-08-25
Lucrezia Musetti,334537,1179,11,4,2025-08-25
Soha Sadiq,323672,1180,11,4,2025-08-25
Sandugash Kenzhibayeva,330895,1181,11,5,2025-08-25
Pooja Ingale,330154,1182,11,5,2025-08-25
Leticia Garcia Vidal,320144,1182,11,36,2025-08-25
Polina Kaibekova,333462,1184,11,5,2025-08-25
Kateryna Baindl,316739,1185,10,-255,2025-08-25
Analu Freitas,331513,1186,10,5,2025-08-25
Ada Kumru,333126,1187,10,5,2025-08-25
Xinle Geng,336142,1188,10,5,2025-08-25
Thessy Ntondele Zinga,330694,1188,10,5,2025-08-25
Ani Amiraghyan,317495,1188,10,5,2025-08-25
Rea Nakashima,332949,1191,10,5,2025-08-25
Naomi Mckenzie,334992,1192,10,5,2025-08-25
Celia Anson Sanchez,333413,1193,10,5,2025-08-25
Anna Kartseva,334267,1194,10,5,2025-08-25
Mia Slama,332667,1194,10,0,2025-08-25
Claire Hill,332188,1194,10,0,2025-08-25
Lani Chang,336025,1194,10,5,2025-08-25
Anastasia Sukhotina,324555,1194,10,5,2025-08-25
Karolina Mrazikova,330613,1199,10,4,2025-08-25
Bianca Compuesto,327807,1200,10,4,2025-08-25
Mia Mack,329728,1201,10,-25,2025-08-25
Sydney Jara,335405,1202,10,3,2025-08-25
Juliana Giaccio,335461,1203,10,4,2025-08-25
Yasmine Wagner,326248,1203,10,4,2025-08-25
Vanessa Popa Teiusanu,330065,1205,10,6,2025-08-25
Ela Plosnik,333335,1205,10,6,2025-08-25
Olivia Bergler,333637,1207,10,7,2025-08-25
Amelie Justine Hejtmanek,332309,1207,10,-74,2025-08-25
Laalitya Kalluri,330659,1209,10,6,2025-08-25
Carolin Raschdorf,330706,1210,10,7,2025-08-25
Diana-Ioana Simionescu,333774,1210,10,27,2025-08-25
Lucie Nguyen Tan,329092,1212,10,6,2025-08-25
Aglaya Fedorova,331116,1213,10,28,2025-08-25
Min Liu,316191,1214,10,6,2025-08-25
Natalia Krockova,332768,1214,10,-24,2025-08-25
Anna Frey,333703,1216,9,-242,2025-08-25
Alice Soulie,332762,1217,9,6,2025-08-25
Annelin Bakker,330382,1218,9,6,2025-08-25
Christina Rosca,324769,1219,9,6,2025-08-25
Johanna Silva,323621,1220,9,-13,2025-08-25
Kira Bataikina,332588,1220,9,7,2025-08-25
Saoirse Breen,332568,1220,9,7,2025-08-25
Shiho Tsujioka,333354,1220,9,7,2025-08-25
Daria Shubina,333913,1220,9,7,2025-08-25
Gabriella Mikaul,335673,1225,9,6,2025-08-25
Barbara Straszewska,335188,1225,9,-14,2025-08-25
Manca Pislak,322219,1225,9,6,2025-08-25
Yana Morderger,319098,1228,9,5,2025-08-25
Naoko Eto,312180,1229,9,5,2025-08-25
Melissa Boyden,328632,1229,9,5,2025-08-25
Tenika Mcgiffin,325489,1231,9,5,2025-08-25
Helena Stevic,325860,1232,9,5,2025-08-25
Kanon Sawashiro,333485,1232,9,5,2025-08-25
Mariia Bergen,326629,1234,9,6,2025-08-25
Barbara Dessolis,326014,1235,9,6,2025-08-25
Dia Evtimova,311117,1236,9,-15,2025-08-25
Ayline Samardzic,327042,1236,9,7,2025-08-25
Melis Rasim,332749,1236,9,7,2025-08-25
Ann Akasha Ceuca,332271,1239,9,41,2025-08-25
Emma Van Poppel,329944,1239,9,6,2025-08-25
Maria Oliver Sanchez,325604,1239,9,41,2025-08-25
Valeria Savinykh,315428,1242,8,110,2025-08-25
Mariana Isabel Higuita Barraza,331181,1243,8,3,2025-08-25
Yi-Tsen Cho,324961,1244,8,3,2025-08-25
Diae El Jardi,325586,1245,8,3,2025-08-25
Qianhui Tang,324327,1246,8,-231,2025-08-25
Mavie Osterreicher,328150,1247,8,2,2025-08-25
Ximena Senties,331712,1248,8,2,2025-08-25
Alessia Popescu,331656,1249,8,2,2025-08-25
Rikke De Koning,331345,1249,8,2,2025-08-25
Teah Chavez,332346,1249,8,2,2025-08-25
Reina Goto,332711,1249,8,2,2025-08-25
Maia Ilinca Burcescu,334943,1249,8,2,2025-08-25
Giulia Alessia Monteleone,332574,1254,8,3,2025-08-25
Georgina Groth,326250,1254,8,0,2025-08-25
Ida Johansson,331419,1256,8,2,2025-08-25
Arina Varaksina,331458,1256,8,2,2025-08-25
Lucie Petruzelova,328529,1256,8,195,2025-08-25
Zixuan Zeng,328782,1256,8,2,2025-08-25
Aishi Das,333107,1256,8,31,2025-08-25
Yuzuha Negishi,334466,1256,8,2,2025-08-25
Michaela Laki,330443,1262,8,0,2025-08-25
Phillippa Preugschat,328698,1263,8,-137,2025-08-25
Jeong Moon,328479,1263,8,1,2025-08-25
Zdena Safarova,328845,1263,8,1,2025-08-25
Danielle Daley,328145,1263,8,1,2025-08-25
Conny Perrin,315265,1267,8,-45,2025-08-25
Nigina Abduraimova,316664,1268,8,-1,2025-08-25
Chiara Girelli,328482,1268,8,-1,2025-08-25
Emma Slavikova,330862,1268,8,-136,2025-08-25
Emma Ottavia Ghirardato,333855,1268,8,-1,2025-08-25
Elena Giessler,329649,1272,8,-1,2025-08-25
Isabelle Cherny,330677,1273,8,-1,2025-08-25
María Marchesini,328455,1273,8,-1,2025-08-25
Yui Ohwaki,334551,1273,8,-1,2025-08-25
Barbora Michalkova,331945,1273,8,-1,2025-08-25
Valeriia Artemeva,334762,1273,8,-1,2025-08-25
Kianah Motosono,327779,1278,8,1,2025-08-25
Sol Ailin Larraya Guidi,332730,1279,7,5,2025-08-25
Marina Bulbarella,331376,1280,7,5,2025-08-25
Alja Senica,333337,1281,7,5,2025-08-25
Gyeong Seo Lee,332132,1282,7,5,2025-08-25
Sara Milanese,330974,1282,7,5,2025-08-25
Ashmitha Easwaramurthi,313983,1284,7,7,2025-08-25
Victoria Muntean,319135,1284,7,7,2025-08-25
Gabriella Lindgren,332669,1284,7,7,2025-08-25
Karolina Lincer,334206,1284,7,7,2025-08-25
Angelica Sara,334636,1284,7,7,2025-08-25
Mathilde Ngijol Carre,333781,1289,7,7,2025-08-25
Marcella Cruz,325832,1289,7,7,2025-08-25
Alana Tuayeva,324040,1289,7,7,2025-08-25
Chieh-Yu Hsu,314181,1292,7,31,2025-08-25
Xi Luo,333680,1292,7,8,2025-08-25
Lorena Solar Donoso,332843,1292,7,8,2025-08-25
Karolina Krajmer,332857,1292,7,8,2025-08-25
Margot Phanthala,331886,1296,7,-29,2025-08-25
Ava Williamson,331723,1296,7,7,2025-08-25
Kseniya Yersh,326879,1296,7,7,2025-08-25
Jiayu Xu,328369,1296,7,7,2025-08-25
Margarita Ignatjeva,328826,1300,7,7,2025-08-25
Fanny Norin,329191,1300,7,7,2025-08-25
Maria Mikhailova,330249,1300,7,7,2025-08-25
Zijun Jiang,330305,1300,7,125,2025-08-25
Irene Lavino,323889,1300,7,-28,2025-08-25
Milana Maslenkova,325906,1300,7,-28,2025-08-25
Isabella Svahn,331957,1300,7,7,2025-08-25
Patricia Goina,332243,1300,7,7,2025-08-25
Cristiana  Todoni,333080,1300,7,27,2025-08-25
Alesia Breaz,336158,1300,7,27,2025-08-25
Yu-Yun Li,332125,1310,7,84,2025-08-25
Shria Atturu,329513,1310,7,3,2025-08-25
Isabella Barrera Aguirre,330259,1312,7,2,2025-08-25
Laura Bohner,327340,1312,7,2,2025-08-25
Caterina Odorizzi,329895,1314,7,2,2025-08-25
Ulrikke Eikeri,315314,1315,6,-33,2025-08-25
Neus Torner Sensano,335315,1316,6,1,2025-08-25
Vlada Guryleva,334219,1317,6,1,2025-08-25
Melany Krywoj,321946,1318,6,-35,2025-08-25
Maria Jose Sanchez Uribe,333324,1319,6,0,2025-08-25
Honori Koyama,332710,1320,6,0,2025-08-25
Chiraz Bechri,321000,1320,6,0,2025-08-25
Teresa Franco Dias,327273,1322,6,0,2025-08-25
Yanni Liu,324559,1323,6,0,2025-08-25
Charlotte Van Zonneveld,332559,1324,6,1,2025-08-25
Moeka Miyata,333357,1324,6,1,2025-08-25
Anna Tabunshchyk,334526,1326,6,32,2025-08-25
Paulina Montiel,334453,1326,6,1,2025-08-25
Friederike Nolte,333926,1326,6,1,2025-08-25
Lola Giza,332464,1326,6,1,2025-08-25
Pilar Beveraggi Lespiau,331770,1326,6,1,2025-08-25
Naomi Xu,332347,1326,6,1,2025-08-25
Ekaterina Agureeva,334630,1326,6,1,2025-08-25
Claire An,334734,1326,6,1,2025-08-25
Kaili Demi Teso,334894,1326,6,-19,2025-08-25
Dusica Popovski,334863,1326,6,1,2025-08-25
Nicole Gadient,322576,1326,6,1,2025-08-25
Luisa Hrda,323509,1326,6,1,2025-08-25
Klara Kosan,329129,1326,6,1,2025-08-25
Catarina Mellei Ibiaraba Melleiro,331560,1326,6,32,2025-08-25
Mika Buchnik,330831,1326,6,1,2025-08-25
Vanja Gudelj,330736,1326,6,1,2025-08-25
Anna Maria Fedotova,334485,1342,6,2,2025-08-25
Ke Ren,332609,1343,6,51,2025-08-25
Ana Zamburek,330912,1343,6,2,2025-08-25
Himari Sato,326488,1343,6,51,2025-08-25
Prathyusha Rachapudi,325309,1343,6,2,2025-08-25
Tara Malik,328571,1347,6,0,2025-08-25
Chiara Fornasieri,330786,1347,6,0,2025-08-25
Daria Gorska,330986,1347,6,-162,2025-08-25
Storm Hunter,317810,1350,5,0,2025-08-25
Stefanie Voegele,312336,1351,5,0,2025-08-25
Daniela Martinez Guerrero,334112,1352,5,1,2025-08-25
Amalia Suciu,332842,1353,5,1,2025-08-25
Lena Couto,331512,1353,5,1,2025-08-25
Linea Bajraliu,331958,1355,5,1,2025-08-25
Francisca Laundes,335062,1355,5,1,2025-08-25
Antonia Stoyanov,334971,1357,5,1,2025-08-25
Katarina Kujovic,335175,1357,5,1,2025-08-25
Helena Buchwald,331870,1357,5,1,2025-08-25
Maayan Laron,332229,1357,5,1,2025-08-25
Zimmer Alexandra,332446,1357,5,1,2025-08-25
Anna Yang,333797,1357,5,1,2025-08-25
Sofia Meabe,334243,1357,5,1,2025-08-25
Marine Le Bozec,333151,1357,5,1,2025-08-25
Tamara Sramkova,333055,1357,5,1,2025-08-25
Gabia Paskauskas,333439,1357,5,1,2025-08-25
Maria Eduarda Lages,331339,1357,5,1,2025-08-25
Victoria Chramcova,331033,1357,5,1,2025-08-25
Asylzhan Arystanbekova,330764,1357,5,0,2025-08-25
Emilija Tverijonaite,330882,1357,5,1,2025-08-25
Sol Rabin,330018,1357,5,1,2025-08-25
Tiziana Rossini,329924,1357,5,1,2025-08-25
Marija Semenistaja,330101,1357,5,-30,2025-08-25
Matylda Burylo,329519,1357,5,1,2025-08-25
Didi Bredberg Canizares,330391,1357,5,1,2025-08-25
Heike Janse Van Vuuren,330624,1357,5,1,2025-08-25
Elena Grekul,330531,1357,5,1,2025-08-25
Anastasiya Zaparyniuk,329108,1357,5,1,2025-08-25
Alice Battesti,329441,1357,5,1,2025-08-25
Nina Rudiukova,326298,1357,5,1,2025-08-25
Carola Cavelli,326882,1357,5,1,2025-08-25
Selina Atay,327015,1357,5,1,2025-08-25
Na-Ri Kim,314129,1357,5,1,2025-08-25
Emmanuelle Girard,324971,1357,5,1,2025-08-25
Lucia Natal Gomez,325076,1357,5,1,2025-08-25
Emily Welker,323705,1357,5,-152,2025-08-25
Zhuoma Ni Ma,324330,1357,5,1,2025-08-25
Francesca Dell'Edera,322605,1357,5,1,2025-08-25
Mana Ayukawa,318085,1389,5,1,2025-08-25
Mei Hasegawa,327927,1389,5,1,2025-08-25
Lois Newberry,331969,1389,5,1,2025-08-25
Cayetana Gay,332156,1392,5,2,2025-08-25
Alexia Lavinia Puiac,332603,1392,5,20,2025-08-25
Duanrui Gao,333669,1392,5,2,2025-08-25
Mia Wainwright,333131,1392,5,2,2025-08-25
Priyanshi Bhandari,330654,1392,5,2,2025-08-25
Taylor Gruber,324849,1392,5,2,2025-08-25
Paavanii Paathak,330667,1398,5,4,2025-08-25
Hanna Bougouffa,330539,1398,5,4,2025-08-25
Na Kang,329580,1398,5,4,2025-08-25
Marta Soriano Santiago,331619,1398,5,-51,2025-08-25
Melina Maruca,327759,1398,5,27,2025-08-25
Summer Yardley,326660,1398,5,4,2025-08-25
Juliette Trunet,334238,1398,5,4,2025-08-25
Meshkatolzahra Safi,333794,1398,5,4,2025-08-25
Milena Ciocan,334057,1398,5,4,2025-08-25
Maya Drozd,332316,1398,5,-183,2025-08-25
Sara Victoria Balan,334786,1398,5,27,2025-08-25
Yushan Shao,335219,1409,4,0,2025-08-25
Margarita Gasparyan,317938,1410,4,0,2025-08-25
Irem Kurt,331388,1411,4,0,2025-08-25
Bianca Fernandez,329453,1412,4,39,2025-08-25
Aleksandra Zuchanska,329579,1413,4,-151,2025-08-25
Ria Dernikovic,330427,1413,4,-1,2025-08-25
Mia Yamakita,331432,1413,4,-1,2025-08-25
Scarlett Nicholson,331299,1413,4,-1,2025-08-25
Ayaka Ozeki,326782,1413,4,-1,2025-08-25
Mariya Poduraeva,327787,1413,4,-1,2025-08-25
Jade Groen,334968,1413,4,-1,2025-08-25
Yichen Zhao,334825,1413,4,-1,2025-08-25
Love-Star Alexis,332665,1413,4,-1,2025-08-25
Elda Lara Cruz,334451,1413,4,-1,2025-08-25
Madhurima Sawant,333108,1413,4,-1,2025-08-25
Sonal Patil,333109,1413,4,-1,2025-08-25
Dora Miskovic,333383,1413,4,-1,2025-08-25
Sophia Ksandinov,333213,1426,4,-1,2025-08-25
I Wen Wan,333200,1426,4,-1,2025-08-25
Matilde Parreira,333682,1426,4,-1,2025-08-25
Maddy  Zampardo,333434,1426,4,-1,2025-08-25
Abigayel Vosloo,334446,1426,4,-1,2025-08-25
Laura Badia,334350,1426,4,-1,2025-08-25
Sabrina Olimjanova,334546,1426,4,-1,2025-08-25
Yuyao Li,334018,1426,4,-1,2025-08-25
Alexandra Irina Anghel,333836,1426,4,-1,2025-08-25
Mutsumi Uemura,332823,1426,4,-1,2025-08-25
Dominika Podhajecka,334828,1426,4,-1,2025-08-25
Ilinca Sagmar,334781,1426,4,-1,2025-08-25
Magdalena Baniak,335151,1426,4,-1,2025-08-25
Sofia Martianova,335166,1426,4,25,2025-08-25
Beatris Spasova,329039,1426,4,-1,2025-08-25
